"addProduct","2021.05.07.18.31.47"
"addProduct","2021.05.07.18.31.47"
"addProduct","2021.05.07.18.31.47"
"addDistributor","2021.05.07.18.31.47"
"addDistributor","2021.05.07.18.31.47"
"addDistributor","2021.05.07.18.31.47"
"addDistributor","2021.05.07.18.31.47"
"display","2021.05.07.18.31.50"
"addProduct","2021.05.07.18.37.49"
"addProduct","2021.05.07.18.37.49"
"addProduct","2021.05.07.18.37.49"
"addDistributor","2021.05.07.18.37.49"
"addDistributor","2021.05.07.18.37.49"
"addDistributor","2021.05.07.18.37.49"
"addDistributor","2021.05.07.18.37.49"
"display","2021.05.07.18.37.58"
"display","2021.05.07.18.37.58"
"addProduct","2021.05.07.18.38.38"
"addProduct","2021.05.07.18.38.38"
"addProduct","2021.05.07.18.38.38"
"addDistributor","2021.05.07.18.38.38"
"addDistributor","2021.05.07.18.38.38"
"addDistributor","2021.05.07.18.38.38"
"addDistributor","2021.05.07.18.38.38"
"display","2021.05.07.18.38.42"
"addProduct","2021.05.07.18.39.27"
"addProduct","2021.05.07.18.39.27"
"addProduct","2021.05.07.18.39.27"
"addDistributor","2021.05.07.18.39.27"
"addDistributor","2021.05.07.18.39.27"
"addDistributor","2021.05.07.18.39.27"
"addDistributor","2021.05.07.18.39.27"
"display","2021.05.07.18.39.30"
